<?xml version="1.0" encoding="UTF-8" standalone="yes"?>
<addon id="plugin.video.nhkworldtv" name="NHK World TV" version="0.0.1" provider-name="sbroenne">
   <extension point="xbmc.addon.repository">
    <info>https://github.com/sbroenne/kodirepo/addons.xml</info>
    <checksum>https://github.com/sbroenne/kodirepo/addons.xml.md5</checksum>
    <datadir>https://github.com/sbroenne/kodirepo/</datadir>
  </extension>
    <extension point="xbmc.addon.metadata">
        <summary lang="en_GB">sbroenne development repository</summary>
        <language></language>
        <platform>all</platform>
        <license>GPL-3.0</license>
        <forum></forum>
        <website>www.kodi.tv</website>
        <email>stefan_broenner@yahoo.com</email>
        <source></source>
        <news>N/A</news>
        <disclaimer></disclaimer>
    </extension>
</addon>
